#{"t_start": 1783432005.917335, "env_id": "None"}
r,l,t
2197.951007,79,3.050156
2125.771664,66,4.460783
2043.912403,73,6.08659
2178.626289,72,7.629064
2153.702208,68,9.162924
2163.435877,67,10.620092
2160.32118,72,12.225294
2180.827387,72,13.817721
2171.584991,75,15.471853
2086.846234,71,17.035661
-842.686834,139,19.896151
2182.351173,68,21.381232
1986.949146,83,23.346208
2022.047733,79,25.445424
2096.858194,68,26.975194
2182.48797,69,28.583939
2154.640989,66,30.087825
2149.81618,67,31.609826
2116.251845,61,33.001381
2096.416545,73,34.750843
2176.05391,71,36.684311
2042.165949,70,38.478588
2064.044127,74,40.121599
2118.051441,83,41.981351
2188.381211,63,43.369768
2129.711225,72,44.895713
2104.919606,73,46.657941
2126.661942,68,48.141855
2166.131806,75,49.830355
2045.320318,78,51.640636
2164.223217,79,53.441482
2023.24466,76,55.174117
2055.966358,74,56.887925
2179.152567,70,58.527415
2179.193924,69,60.07922
2161.795113,73,61.731686
2140.398406,65,63.203479
2020.759631,82,65.10855
2102.28069,72,67.126384
2115.761621,83,69.338803
2113.554999,72,70.981139
2178.733169,74,72.755062
2180.550639,72,74.574932
-1419.287468,217,79.568815
-1605.807141,300,87.144102
1987.37147,84,89.131103
2179.066757,67,90.780289
2178.058621,69,92.487023
2159.510653,79,94.214887
2092.771103,76,96.168975
2027.683822,80,97.869745
2181.495606,70,99.646753
2020.667302,80,101.538935
2182.747065,72,103.255273
2186.040637,65,105.244978
2160.81284,80,107.121996
2137.825719,68,109.061815
-503.104558,67,111.119821
2096.698992,69,112.863964
2193.383233,59,114.070598
2175.245193,70,115.708961
1983.611705,84,117.704293
2183.476689,73,119.537229
2240.978095,41,120.472007
2036.222963,107,125.385085
1977.391571,154,131.438751
2052.813845,143,138.448446
2204.498245,54,139.639049
2209.270015,59,142.655371
-207.985449,300,154.172886
-332.042621,300,165.075416
-279.260861,300,175.119725
1691.759855,270,186.355321
2058.848688,113,189.644846
2145.580412,109,193.953446
2227.855076,50,196.124179
2216.370718,55,198.402506
2117.423468,61,200.680738
-327.745795,300,210.925388
2170.74122,48,213.020569
2197.86436,49,215.114468
2060.995241,71,217.655819
2211.009297,47,219.793837
1932.539847,129,224.413405
-512.815846,300,235.698589
2383.84341,66,238.068445
1885.991799,272,247.50062
2428.065611,71,249.990498
-466.513074,300,261.208933
2178.474354,92,264.094613
2265.482146,53,266.250828
-749.823353,297,276.059396
2267.937338,71,279.775271
-202.639689,300,289.876628
2193.015884,78,293.668852
2299.17219,55,294.629172
2037.395511,148,300.849447
2257.536825,46,301.685722
2280.950406,66,304.07056
2250.74273,58,306.393339
-518.49409,300,317.74107
-644.812141,300,329.020788
2322.362988,58,331.308455
-617.858522,210,338.626746
2212.425198,80,341.270686
2297.209324,50,343.363792
-283.738168,300,354.58466
2430.312971,71,357.008458
-806.153062,106,360.128706
-232.258396,300,371.26276
1876.577605,256,380.347372
2249.901733,43,382.649228
2322.730104,75,385.414032
-967.139891,164,390.719438
2328.93673,58,392.971155
-588.867709,300,404.216484
2011.864509,59,406.496189
-549.242838,300,417.582296
-446.614104,50,418.487744
1532.150894,252,427.717647
2120.006448,48,429.787084
1974.720264,54,432.01006
2123.352775,52,434.120105
1864.425422,201,441.247023
2286.112916,73,443.869524
2190.162828,52,446.056922
2289.107866,51,448.172118
2225.296028,64,450.516791
2196.428762,80,453.167762
2179.636946,59,455.421947
-957.626673,300,466.610811
2270.55057,71,469.090104
-186.106293,300,479.056798
2387.313842,70,481.566147
-326.376697,300,493.140245
1626.322788,244,502.382292
1394.31133,295,513.800511
2268.444443,54,514.760786
2249.699472,61,517.015685
2303.519173,81,520.802652
2094.162517,55,521.822753
1838.204968,201,530.108017
2260.079895,44,530.924815
2228.11063,47,533.057186
2376.36001,63,535.445109
1961.992849,128,540.003746
2142.352248,63,542.348778
-1112.495887,192,549.242107
-314.506073,300,560.316551
2314.790422,57,562.613181
2175.731567,67,565.04091
-265.896226,300,574.696413
2161.99043,119,579.049367
2257.880409,47,581.073882
-563.649289,300,592.259184
2228.658344,57,593.310167
-248.231771,300,604.519847
2237.742514,42,606.493869
1991.556855,77,609.064349
2290.075446,57,611.269832
2052.471844,117,615.797762
-828.379247,127,620.389396
-311.857773,300,630.377864
-960.852854,300,641.577419
-450.66206,300,652.848969
2108.682134,55,655.063704
1496.74756,283,664.681389
1669.452472,277,674.073553
-173.999854,300,685.247234
2337.454469,91,689.245417
2256.046685,217,696.64745
1849.490135,105,700.849417
1581.302694,242,708.55183
2197.416863,68,710.920698
-211.634208,53,713.089675
2038.193718,61,715.423539
2026.639116,248,724.516744
2255.107544,43,726.500205
2087.684844,59,728.741233
2355.134133,76,731.288248
2565.799735,103,734.358734
2240.537347,55,736.516017
-362.968803,174,743.295561
2131.609078,203,750.626342
2042.105592,93,754.677282
1801.771662,187,761.497024
-694.008228,300,771.503871
-590.366732,300,782.933061
2349.861055,123,787.484846
2083.30319,85,790.11715
2636.553226,104,794.341239
2277.182777,76,796.913846
1673.299101,244,806.047743
2284.014029,76,808.583473
2225.595967,61,810.879882
-638.080152,51,812.959095
2143.156926,55,815.13843
1940.541574,60,817.412492
2406.790574,107,820.464974
-820.672488,166,826.913943
-276.438098,45,828.946808
2311.603346,141,833.711942
2270.473025,135,838.530673
-1606.72005,300,849.650753
-1278.193522,263,858.994893
2202.840894,86,861.688105
-184.314213,300,873.042601
-1103.460266,256,882.178862
1991.808725,77,884.691451
-301.422766,300,895.760121
-563.462617,98,898.626889
-131.609696,300,909.547375
2486.416117,97,912.37024
2439.342131,151,920.289343
2310.205482,137,925.06716
-712.946865,84,927.839554
-461.608542,300,939.243133
-537.721735,48,941.267053
-542.89298,117,944.441412
-87.471836,300,956.709203
1752.789419,296,968.396231
-324.550514,64,970.720965
-461.005164,300,980.237119
-557.446706,300,991.94099
1868.401439,94,995.988477
-413.177116,21,996.376562
1593.682924,199,1003.464151
-685.312146,300,1014.655425
-793.120038,300,1024.599508
1977.058406,126,1029.119608
-604.553485,300,1040.039764
2140.821204,126,1044.534473
2134.434219,94,1047.390863
1747.227732,207,1055.719176
2214.642917,114,1058.951925
2220.606238,67,1061.325733
-805.316406,300,1072.384356
-648.974931,300,1083.58815
2178.625462,114,1087.997391
1718.545197,263,1097.203623
-224.015908,300,1107.115252
2304.876842,73,1110.87195
-441.516507,300,1120.429838
2198.059623,83,1124.200417
2461.746985,83,1126.8173
-226.993724,300,1137.962249
-538.510782,110,1141.036648
2085.473122,67,1143.384578
-203.3336,300,1154.329935
-168.249479,106,1158.473084
-299.289792,84,1161.102447
2458.651695,112,1165.356333
-573.305019,123,1169.871221
-313.723807,300,1179.419317
2353.496222,87,1183.197832
2165.526833,133,1187.693111
-821.613892,300,1197.686439
2241.223879,256,1206.862537
-1024.078148,187,1213.536969
-779.660604,252,1222.377555
2371.562479,65,1224.757638
-819.371847,88,1228.614938
2400.894862,132,1233.174339
-375.885624,300,1242.940916
-778.068412,300,1253.844117
1799.727084,218,1262.413675
2043.9702,119,1265.688171
2275.114352,76,1269.283511
-118.077409,300,1279.2393
-585.850817,300,1290.553718
-397.888161,300,1301.588216
2328.725984,165,1306.655236
-711.789174,300,1317.646522
54.296898,300,1328.415244
2513.138789,91,1331.224038
-637.246965,300,1341.927417
2431.12874,139,1346.712502
-521.548026,48,1348.765363
-520.970493,143,1353.630235
-284.584377,39,1354.321782
2500.0056,104,1358.548502
2135.193026,170,1365.064059
-349.391042,300,1374.944855
2282.299402,83,1379.020465
-522.526221,300,1388.794555
-764.448363,165,1395.207307
-243.424706,300,1405.976592
-467.616291,300,1415.86353
2557.119165,179,1422.598015
-530.536519,300,1433.719909
-183.8287,300,1444.919338
1993.169921,236,1452.552341
-250.349906,300,1463.751947
2139.79016,73,1466.231954
2242.163317,140,1471.041381
-994.904665,300,1482.08271
-411.910412,300,1493.167248
-367.702449,300,1503.289059
-550.458391,119,1507.747618
2301.193429,96,1511.785214
2345.042532,106,1514.855547
-696.892947,169,1521.241002
1911.869772,297,1532.365215
-317.047043,300,1542.549315
2296.483032,102,1546.775425
-382.626404,300,1557.873409
-365.858925,300,1567.938788
1890.212042,146,1574.031179
-553.234192,22,1574.450834
-460.07277,300,1585.620105
2006.014208,298,1595.569645
-469.153508,29,1597.258954
-957.05159,270,1606.591363
-717.940464,300,1617.738808
-539.123582,300,1627.425629
295.023944,300,1638.329584
-2018.012532,225,1647.365604
2261.757775,223,1656.475505
2363.803549,77,1659.035335
2067.507299,218,1667.541559
-576.005244,300,1677.436901
-1997.049635,276,1688.243391
1617.459455,242,1696.106486
-327.469012,300,1707.15942
2169.356278,68,1709.553827
2454.788381,171,1716.196585
2072.627904,287,1725.906687
-960.846289,300,1736.94414
2551.046888,92,1739.78394
-578.651487,300,1750.750567
-248.675614,300,1761.628597
-65.075522,90,1764.34695
2331.240023,129,1768.93419
-336.236659,300,1779.876946
2132.220415,88,1782.558731
1992.386839,205,1789.602429
2185.79399,142,1795.543317
1993.502781,152,1800.569532
2021.030289,155,1805.974489
1792.841792,152,1812.148563
-353.27669,53,1814.262711
-483.201592,300,1824.228179
-685.013751,300,1835.378574
-524.37903,300,1846.389189
2268.089934,81,1848.925455
1763.236461,179,1855.562418
-736.752377,300,1866.538196
2425.512079,120,1869.827574
-408.020778,300,1880.900913
2225.766993,152,1886.03432
-659.682987,300,1896.914124
-125.585369,69,1899.287757
-559.929709,300,1910.198803
2242.38809,76,1912.710336
2217.103135,69,1915.095814
-554.464038,300,1926.022315
-542.753047,300,1937.100766
2216.720092,76,1939.650956
-233.302936,300,1949.640922
-783.979713,174,1956.150279
2426.035697,113,1960.521916
-257.413677,300,1971.578835
139.210737,300,1981.441819
2261.228055,76,1983.979712
-775.093069,198,1992.23591
2120.597664,194,1999.155244
-170.987762,300,2009.170904
-806.759168,300,2020.109322
1902.201932,144,2024.901125
2096.601165,51,2026.966367
-899.133683,300,2037.950613
-562.222194,300,2048.040563
-389.823677,300,2059.469866
2442.136285,74,2062.018256
-894.498526,300,2073.131387
1874.647844,154,2078.125598
1795.026011,290,2088.898543
1798.910637,221,2096.108529
-1536.599539,300,2107.140992
1511.436544,298,2118.229444
2587.51328,145,2123.174405
1924.143504,147,2128.093556
-799.781771,227,2136.617851
-1521.267801,300,2146.435455
-559.916272,300,2157.940509
2067.876565,125,2162.628981
166.913855,300,2173.913992
2405.412528,124,2178.470131
15.094236,300,2188.486209
-651.797876,128,2193.059801
1870.391099,97,2197.025156
-346.710979,300,2208.186729
-466.346431,300,2218.279916
2224.375887,74,2220.826257
-429.686667,300,2232.141829
-350.613918,273,2241.939643
1531.240129,241,2250.978318
2278.506995,169,2257.685027
2270.906865,131,2262.365223
-543.384365,300,2273.634147
129.013788,300,2283.784369
1949.613118,196,2291.49861
-124.308889,300,2302.699473
-618.687732,300,2314.361837
-607.462812,103,2317.363917
1905.305932,220,2347.011297
2420.445702,88,2380.17087
2654.823955,134,2388.072734
-951.863661,218,2396.711148
-1460.828858,181,2402.250261
-1024.949302,278,2413.180787
-970.032152,300,2423.30217
2740.294422,132,2429.646306
2254.083147,90,2432.534747
1929.932591,97,2435.561621
-529.510539,300,2446.818255
-505.525797,300,2458.247587
2119.045748,205,2465.566129
-233.30796,300,2476.905162
-288.596772,79,2479.493581
2205.673269,59,2481.866071
2125.462144,63,2484.193842
-793.134939,300,2495.433472
-102.362049,300,2505.27842
2545.411369,135,2510.02511
-689.25078,105,2514.227039
-1090.366495,240,2523.096315
2131.660279,145,2527.925696
-756.899905,64,2531.00918
2303.350659,280,2540.645827
-669.046228,300,2551.987691
1766.563982,220,2559.25108
2267.502046,120,2563.770223
2117.795441,238,2572.918973
-809.565803,180,2579.683952
2452.91993,145,2584.58976
-541.104739,300,2595.525938
-338.454257,300,2606.849637
1986.76559,110,2609.934315
-369.521272,285,2620.844142
2088.981383,234,2629.272932
-635.806647,142,2635.506217
-68.833139,81,2638.195756
-217.920776,113,2642.649786
-627.535922,300,2652.777654
2292.332019,123,2657.439741
-344.327253,300,2668.925206
2086.917745,57,2671.169763
2352.176496,125,2675.741021
2071.989162,250,2684.900893
-913.344405,300,2694.909035
-584.066287,300,2706.062618
2586.50853,117,2711.135993
2064.12856,107,2715.296806
2434.388471,86,2718.172999
-769.366602,197,2725.282872
-679.731467,124,2730.136289
2331.35288,96,2733.021909
164.2669,300,2744.000182
1919.526552,173,2750.659371
2445.920387,116,2755.110332
1866.691857,150,2760.094318
-676.641759,101,2764.402505
1997.251644,131,2769.231172
459.110489,300,2779.412542
-565.806077,88,2783.367566
2216.567572,51,2784.285052
-1316.118315,154,2790.492996
-633.438563,74,2792.989963
2149.65534,122,2797.512465
-593.493807,152,2802.58104
1988.347195,242,2811.485692
2500.559771,244,2821.330499
-1295.779662,300,2832.640736
-785.884683,300,2842.648227
2266.487829,140,2847.411465
-811.469572,122,2851.988355
247.254573,300,2862.986042
-528.402065,61,2865.277875
-729.605381,300,2876.578965
2410.673091,96,2879.525502
-328.424133,300,2890.961726
-227.746779,53,2893.12837
1878.966214,285,2903.107401
-686.110313,300,2914.356275
-610.766996,93,2917.195184
2255.988767,65,2919.540092
2361.277218,68,2922.004875
-802.415749,300,2933.395257
-371.296699,300,2944.830587
2527.230021,158,2950.087814
-423.405717,300,2961.530203
-157.413292,103,2964.69258
1812.050774,181,2971.868472
2624.113431,149,2978.222298
2465.573824,96,2981.182219
-427.087843,300,2992.294093
2303.779927,68,2994.778574
2586.066128,158,2999.997944
2074.713428,225,3008.843644
-367.347629,300,3019.864044
-592.596368,60,3020.938601
2357.767452,110,3025.411055
-62.065138,300,3036.553533
2283.462645,54,3038.71707
-1344.083859,300,3049.475141
2173.895361,49,3051.600235
-643.692166,119,3056.159553
-446.549231,300,3067.438427
1805.773547,138,3072.343719
2053.486657,104,3076.682489
2592.285934,153,3081.794168
-413.686995,64,3084.19112
-626.945612,300,3097.11384
-86.518189,300,3108.240206
2228.077586,297,3119.487233
1805.567971,198,3126.501908
-472.691569,300,3137.742308
-427.883502,300,3149.022877
2160.517871,217,3158.22924
-75.189451,94,3161.06219
-670.766511,300,3172.412829
-596.228073,300,3183.603953
-951.318841,116,3186.872476
-1741.398132,191,3193.971335
1903.117855,95,3198.036964
2158.972598,80,3200.648993
2092.602668,105,3204.982675
1981.74568,51,3207.153779
-596.513216,300,3217.072388
2253.032054,69,3219.50402
-264.489042,300,3230.699231
-74.444224,108,3235.039095
-679.312579,63,3237.334313
-563.167169,115,3241.704567
2676.709055,132,3246.34262
148.180601,300,3256.334055
2373.883321,165,3263.669834
2443.184521,111,3268.369678
-191.23958,300,3278.582367
-672.164713,50,3280.705332
-488.321453,300,3292.235251
1932.54046,149,3297.333743
2271.902654,55,3299.53113
2441.396152,248,3308.607555
2107.811898,285,3318.490837
2307.698199,229,3327.385312
-386.24421,300,3338.791058
2016.994438,132,3343.555893
2466.869184,250,3351.719801
-1394.794285,205,3360.388592
2295.601411,279,3369.893641
2193.843443,165,3376.438233
-714.457634,300,3386.270773
-495.7635,300,3397.648874
-458.558513,73,3400.121759
-484.558114,65,3402.517018
1719.568912,191,3409.378828
-724.483632,175,3416.137114
2514.228015,98,3419.012734
2137.60175,159,3425.264508
1818.696811,166,3430.622589
-461.110517,300,3441.859399
-501.319747,300,3452.988561
2072.260212,155,3458.197998
37.440074,300,3469.521963
254.452367,300,3480.736777
-420.117781,300,3490.370886
2464.411914,109,3494.660632
-649.234446,116,3499.04883
-94.690625,300,3510.338312
-763.608339,300,3522.027367
-879.551231,300,3536.626867
-416.956106,53,3539.130108
-627.294444,300,3549.231404
-807.351412,296,3560.059742
1802.689361,254,3569.254044
231.448855,300,3580.276211
-650.075186,130,3585.059483
-812.635328,128,3589.942673
2343.103593,60,3592.255974
-570.551286,119,3596.848513
-1117.839345,275,3607.287745
-983.06166,300,3618.547952
-670.686052,300,3628.637635
-956.567026,300,3639.836014
-1518.080773,232,3648.722013
-589.494253,46,3649.580003
2090.688833,110,3654.001679
-802.282194,300,3665.147561
-498.486795,300,3675.098382
-651.684435,64,3677.434651
95.694277,300,3688.778161
-283.901436,300,3700.211718
-708.755742,62,3702.544406
-536.990829,108,3705.701098
2265.917296,77,3709.516353
2378.009375,104,3712.615125
1594.405802,287,3723.755044
-402.333197,300,3733.856954
-503.085413,209,3742.096645
-364.612418,300,3752.310136
2277.892188,51,3754.446094
2282.753046,258,3763.656076
-590.615042,49,3765.721361
2633.719728,110,3769.976703
2117.159417,64,3772.336124
2223.630963,184,3779.135084
2223.347711,78,3781.768554
-1428.717967,206,3788.967685
-688.687589,300,3800.261239
2488.383891,276,3810.031002
2062.130862,237,3818.988169
2228.624493,162,3824.198518
-754.583668,300,3835.336811
2127.05586,134,3840.167071
-1285.083142,271,3849.642315
2203.855386,283,3860.660842
-359.920878,300,3870.761115
2522.240992,100,3874.925913
-1435.650522,241,3883.849416
-794.573275,230,3891.326767
-316.627586,63,3893.683382
-72.853344,300,3904.734026
-1382.873935,300,3915.999919
2078.063978,171,3921.475764
-129.116447,300,3932.64439
-447.780206,37,3934.504816
2252.731542,115,3937.675313
2407.241843,96,3941.753375
-500.463509,300,3953.108503
-631.353434,163,3958.378725
-677.975665,300,3969.634234
-1401.621665,124,3974.23803
-439.335367,68,3976.688359
-322.066155,300,3986.828782
2139.871222,159,3993.330819
-61.295707,300,4004.629792
2233.612594,125,4009.217173
-637.672043,123,4012.590345
2057.617546,280,4023.527322
2243.670701,43,4025.469678
2033.390676,172,4030.907987
1781.105856,215,4039.425143
2099.347944,88,4042.237837
2142.255654,299,4053.073604
-173.365149,300,4063.001045
2009.238806,135,4067.883904
2109.045413,101,4072.387954
-500.854046,300,4083.908897
17.272342,300,4094.030728
-409.568285,300,4105.344898
2379.055266,63,4107.65567
-916.22405,300,4118.901549
2150.684569,89,4121.729474
-603.240792,166,4128.216693
-174.080622,300,4138.023069
2400.796139,67,4140.452535
321.797911,300,4151.76745
3.305149,300,4163.245616
2449.585035,247,4172.433754
-1308.401562,207,4179.770846
-709.362201,138,4184.628922
-488.382521,7,4184.789718
-500.0,1,4184.850693
2046.077201,145,4189.92945
2236.060258,106,4194.262028
2287.433981,199,4201.41185
-901.633342,72,4203.928351
2072.824484,68,4206.445257
-1594.252882,300,4217.419317
-75.985762,300,4228.779241
-727.069129,300,4238.891773
-215.964499,300,4250.08691
-507.115813,300,4261.22351
-912.427408,300,4272.4644
2430.582476,232,4280.101928
2176.375153,183,4287.217045
-631.002674,121,4291.790879
213.911047,300,4303.079153
-84.432136,300,4313.102047
-732.794147,300,4324.380384
-403.688025,300,4335.359235
1980.325335,103,4338.434245
-1907.878116,287,4349.63303
-187.353112,300,4359.692952
2397.219563,66,4362.079254
-229.683601,300,4373.402053
-256.847899,300,4384.691384
2234.757927,69,4387.149333
-724.608038,300,4398.243661
2549.577858,99,4401.229889
2245.455534,111,4405.744803
1999.987052,159,4410.826151
2689.703534,226,4419.645841
-376.851527,300,4430.602417
-768.07214,105,4433.689712
1732.10511,184,4440.517013
-411.934975,300,4451.739106
-601.807066,85,4454.458769
2412.951871,139,4459.371764
-296.434063,300,4470.537572
2253.84354,246,4479.498254
2422.56367,226,4486.959049
76.678716,300,4498.170636
-605.549168,300,4509.552153
2078.813195,275,4518.952092
-33.426122,300,4530.14992
2139.950845,151,4535.169414
-628.178041,196,4542.211592
2228.930635,183,4548.872675
-408.270871,300,4560.040271
-808.590497,221,4567.422098
2413.979749,190,4574.214331
-344.601123,300,4585.560751
-545.756762,79,4588.193267
2242.526757,262,4597.543289
-399.570763,300,4608.347508
-167.134779,300,4619.953556
-705.672799,144,4624.937299
2246.748683,45,4625.83089
-501.28263,300,4637.196176
-742.855653,300,4648.331366
2024.245133,256,4657.476013
2610.427124,126,4662.095299
-948.457037,105,4665.11285
2081.516851,205,4673.415762
2232.492182,69,4675.85947
2160.825009,130,4680.522541
-499.223838,103,4683.560053
-430.867484,300,4694.917017
-573.286327,300,4706.252515
2670.919071,231,4714.010782
-418.516537,300,4725.25626
-595.579011,300,4736.145741
-868.06573,86,4738.855166
-258.086638,69,4741.311503
-533.048227,300,4752.561201
-632.022065,300,4763.854632
-1140.08972,300,4773.869648
-275.246661,300,4784.93501
-659.45697,300,4796.112183
-712.345528,95,4798.97475
2062.474776,52,4801.076357
-932.722536,108,4805.364314
-760.583406,300,4815.391175
2262.11079,146,4821.518726
-612.188221,300,4831.718085
-894.207695,300,4842.913655
1848.157594,286,4852.587557
-746.76938,300,4863.732325
2236.04012,51,4865.851748
-1186.445491,263,4875.20947
-693.695592,300,4886.286864
2322.055927,60,4888.504815
-459.046117,300,4898.521654
-538.146454,274,4908.803453
-332.962293,55,4909.791303
74.739744,131,4914.371506
-556.372198,42,4916.321735
-801.094874,57,4918.506464
-1043.566802,133,4923.162909
-811.542315,300,4934.537538
2323.361443,103,4937.564257
-737.0332,127,4942.192074
-328.241724,100,4946.384407
2531.537049,131,4951.001759
-857.009746,274,4960.613748
-800.252171,270,4971.144612
-53.618,300,4981.301832
2503.21289,247,4990.466018
-671.641727,300,5001.417545
2175.901006,54,5003.658842
-1233.105241,300,5013.582164
1475.081294,269,5022.715775
2381.17069,89,5026.619297
-735.374749,300,5037.800126
-640.35488,76,5040.38161
2332.69385,139,5045.061034
2196.785799,250,5054.411244
-947.833551,220,5062.301178
-362.06812,112,5066.815994
-1027.14378,261,5076.241415
-367.479559,300,5087.618789
-79.092614,300,5097.718528
-786.731851,100,5101.819476
1962.1526,163,5108.349638
2266.427513,57,5109.382155
-336.977761,68,5113.073903
2263.114766,150,5118.14723
-519.023702,300,5129.639013
-553.263194,300,5139.768832
-540.300057,40,5141.711944
-712.109221,265,5151.177942
-458.692259,300,5162.539383
2022.965702,217,5169.951051
-1868.58161,300,5181.27842
-632.59506,300,5191.544157
-672.19987,300,5202.674089
2653.723627,241,5211.722117
2263.417002,100,5214.947859
1985.646942,222,5223.712268
2356.923528,245,5232.927235
2509.09019,101,5235.959397
1987.336513,145,5242.258054
-119.823076,300,5252.381581
-906.265435,300,5263.507007
-518.607272,300,5274.72313
-552.61333,26,5275.213118
-819.325262,69,5277.622653
-779.561373,300,5289.021949
1994.877999,214,5296.381169
2214.432642,66,5298.791434
-420.022351,300,5310.079211
-992.657838,300,5321.349341
-70.986188,300,5331.771036
-293.206436,300,5343.016396
2026.29286,141,5347.956958
-1215.335528,300,5359.379968
-95.771391,300,5370.883795
2353.905915,185,5376.57227
2206.623514,255,5385.774452
-598.735644,51,5387.822687
-599.243896,300,5398.996739
2537.446374,212,5406.322141
-77.952428,300,5417.661038
2304.304479,174,5424.511356
-695.682698,300,5434.665553
2351.717376,96,5438.832325
-706.587021,224,5446.326893
-445.7142,300,5457.661251
-231.045776,76,5460.292447
-740.694666,300,5473.973623
2126.146262,157,5479.21312
-939.046654,148,5486.35495
2396.846367,226,5494.263924
2188.347854,43,5496.264823
-813.299497,102,5499.203538
-1003.497526,185,5506.113044
-1235.948267,209,5514.291827
-31.067375,300,5524.346611
-792.352108,300,5535.449202
-768.305261,300,5546.716844
1721.890336,171,5552.270877
-634.776773,300,5565.028893
2402.613691,246,5574.644623
2268.642347,46,5576.672168
-945.726991,190,5583.618166
-688.832551,300,5593.750005
-1335.887981,282,5604.932924
-1330.433531,300,5614.746666
-503.517049,300,5625.960039
2152.54401,224,5634.638865
-659.760883,300,5644.686967
2517.266377,180,5651.514049
-338.817392,300,5663.148912
132.336777,300,5673.12777
239.951088,300,5684.905775
-1018.032438,101,5689.094002
2031.70587,104,5692.144752
1928.170158,240,5702.524918
1798.081433,151,5707.829616
-916.079885,215,5716.480378
-776.277194,300,5726.883786
1583.731938,297,5738.135136
-391.267411,300,5749.480094
2041.962015,130,5754.249278
-0.752241,300,5764.409832
107.496965,300,5775.558133
-881.616963,236,5784.456826
-516.134356,300,5795.659206
-261.850637,300,5806.057203
-675.361338,66,5808.414961
-504.620388,300,5819.988139
-305.688372,300,5831.288148
2152.943649,115,5834.514415
2013.804479,275,5845.131073
2148.676553,269,5855.36407
105.27393,300,5866.685318
2135.78023,237,5874.610139
-155.490385,300,5885.945098
-999.114919,222,5893.358021
-883.885539,110,5897.703203
-508.560536,6,5897.854685
239.890235,300,5909.05449
-95.024445,300,5920.208403
-435.307613,41,5920.984925
-1183.078639,195,5928.500393
-567.077678,300,5939.776655
-431.15531,300,5951.066681
-141.126856,300,5961.259646
2154.365791,79,5965.227211
2446.035395,76,5967.878947
-623.49033,80,5970.503395
2366.03491,130,5975.289756
2155.138572,242,5984.396908
2348.223671,64,5986.83936
2447.93682,87,5989.586183
-518.03735,300,6000.803434
2391.944522,173,6007.445419
-1177.272749,261,6016.688554
-564.663926,300,6026.692924
-301.393639,300,6037.444587
-1058.939146,123,6041.970238
-696.276548,155,6047.050485
2490.868869,108,6051.303032
-1271.028315,290,6062.086929
-519.487718,300,6072.079543
-303.408149,300,6083.530908
-779.835477,300,6094.961673
-637.366117,300,6105.070895
2074.354607,156,6111.54006
-281.408445,300,6122.59902
2302.530239,103,6125.57195
31.575805,300,6136.801056
-258.731127,300,6148.208068
-1192.908898,298,6158.31151
2380.956245,117,6162.80202
-434.148507,300,6174.043954
2264.422457,96,6176.949352
-472.306808,300,6188.012841
2300.63368,57,6190.23687
1786.640233,250,6199.408319
-379.985737,300,6209.396588
2401.054052,86,6213.245977
-661.168688,48,6214.127306
2366.064332,101,6218.260396
2334.87588,102,6222.466301
-451.236346,247,6231.682541
-677.726868,300,6241.770136
-722.777945,93,6245.826432
-469.631311,300,6256.010507
-709.591134,300,6267.524626
2462.318825,154,6272.70499
1711.16222,237,6281.418453
2232.493302,66,6283.76309
-769.356175,167,6290.363987
-450.054722,127,6295.044405
2036.299018,217,6302.496833
2616.486768,145,6307.405233
2206.596094,59,6309.703423
-850.118953,219,6318.351007
-534.338999,300,6328.37915
1918.893257,150,6334.696755
-253.700324,300,6344.716441
2353.452184,73,6348.476711
2227.913569,81,6351.173421
-663.712915,44,6353.178296
-908.844932,98,6356.129914
2460.701363,91,6360.14594
-506.973627,300,6370.307824
2070.531329,122,6374.925733
241.890183,300,6386.14493
-385.271069,37,6386.824087
1841.181761,176,6393.492427
2390.654322,98,6397.553181
2068.235265,277,6406.96514
1807.171181,168,6413.498882
-1020.179146,299,6423.626383
2585.69547,131,6428.373245
-527.233933,300,6439.794859
-626.354908,300,6451.250366
2219.60674,162,6456.528854
-553.557844,82,6460.298793
-1121.844937,91,6463.14931
2076.375152,92,6465.944728
2065.448306,120,6470.399529
2372.01313,105,6474.605357
-1072.367374,292,6484.345849
-571.770056,39,6486.235531
-506.464043,105,6490.467579
2362.444585,280,6500.342228
-628.029077,82,6503.117591
2151.321807,163,6509.694166
-655.025431,300,6521.013099
-748.752802,129,6525.739191
2461.590014,120,6529.11354
2506.767231,212,6537.666597
-910.068174,300,6547.72576
2263.999648,75,6551.409738
1970.325305,54,6553.631217
-319.186154,300,6563.743516
-834.4289,88,6567.667207
2465.783272,97,6570.54496
-540.817973,41,6572.472907
2079.227639,253,6582.0591
2240.043762,79,6584.747686
2105.522106,152,6589.843803
-652.425936,300,6601.109906
-147.164854,94,6604.01916
-752.622407,300,6615.403426
-292.135956,300,6626.865265
-806.869543,300,6637.963034
2496.105284,158,6643.115872
-516.046082,300,6654.581324
2179.001303,118,6659.050177
-1183.729914,290,6668.978753
-227.259304,300,6680.322594
-506.708074,300,6690.169204
-552.401514,126,6694.826746
2368.133239,103,6698.998509
2180.93314,251,6708.224025
1534.352829,249,6717.538403
-575.127721,300,6727.640326
-694.426285,69,6731.306127
-545.527384,129,6735.936422
-591.620307,66,6738.207025
-233.562739,86,6740.862447
2226.295592,49,6743.022587
-940.373691,264,6752.359609
2512.247371,107,6756.661096
2303.040268,160,6761.741811
-772.593859,117,6766.28526
2106.494392,299,6777.353303
-423.758062,300,6787.326611
2170.447407,49,6789.419477
2359.115901,134,6794.223118
2285.036956,71,6796.737513
2217.613647,80,6799.384805
-223.286421,100,6803.621146
81.302562,300,6814.840337
-540.815538,300,6824.931212
-643.689708,300,6836.045998
2314.619853,137,6840.874001
-1046.162554,300,6852.218456
-420.427072,300,6863.466205
1770.032886,297,6873.483113
1863.14195,129,6878.169912
-62.771174,300,6889.496145
-585.836255,75,6892.023777
-1342.181142,300,6903.164594
2424.09851,248,6911.98028
1937.536328,130,6916.630843
-446.087125,300,6926.637984
-696.904283,239,6935.576589
2395.778108,197,6942.704726
2503.238238,145,6947.654704
1932.054583,127,6952.327125
-855.789134,300,6963.52593
2452.652743,84,6966.172948
-235.242903,300,6979.320338
-1177.325963,275,6988.919195
2093.563856,94,6993.100068
139.699746,300,7004.475856
2197.038191,198,7011.54924
-1319.331583,300,7021.543124
-1367.41246,225,7030.259946
1927.238505,100,7033.189205
-750.976856,120,7037.767285
-792.642126,148,7043.915365
-138.539497,300,7053.834745
2125.473604,237,7064.355393
1990.538816,122,7069.616323
1872.524815,162,7075.628454
2074.902831,111,7080.990555
2294.973772,132,7086.467919
1926.688792,68,7089.254089
1932.14001,286,7103.518916
2246.409289,65,7106.262969
2382.344331,224,7116.362007
-1228.515602,217,7128.002574
-518.721478,300,7142.479837
2237.544671,84,7148.920871
1826.364258,149,7155.884829
-615.208274,300,7167.386678
-578.974445,300,7177.491649
1921.134185,65,7179.850165
-608.678605,74,7183.602879
-488.191674,300,7193.645473
-751.449177,110,7197.906491
2355.897099,140,7202.816176
2511.435606,186,7209.72224
2005.786855,289,7220.737386
-1622.371939,294,7230.892844
2197.104807,73,7233.57767
-569.248691,59,7235.817168
2265.208319,46,7237.852268
2205.866089,70,7240.275937
2378.934929,110,7244.690082
1988.240092,284,7254.721076
-649.558749,300,7266.493633
2423.38885,113,7270.872617
-765.51224,300,7281.154644
2266.527142,166,7287.809625
-225.938641,62,7290.12898
2171.259527,97,7293.123976
-323.445723,300,7304.454286
-574.155911,78,7307.045809
-666.622492,72,7309.523081
2219.285822,49,7311.588688
2377.64538,252,7320.683267
-951.496516,300,7332.080105
1832.407843,179,7339.652017
-532.793815,21,7340.052188
2041.121735,277,7349.887262
-157.711303,87,7353.871695
1963.416754,98,7356.871116
2218.844459,109,7361.250412
-783.688588,151,7366.415788
-570.412103,300,7377.783707
-799.277842,300,7389.008445
2140.612727,95,7391.904829
2240.19163,144,7396.931013
192.383203,300,7408.459909
2366.680312,143,7413.461571
-545.364347,300,7424.907017
-415.511812,300,7436.118044
1870.393696,94,7438.960659
2378.900881,193,7445.897974
-362.702369,164,7452.258433
2208.729298,217,7459.828988
-625.031663,163,7466.290469
2294.075574,59,7468.538453
-746.939412,162,7473.862338
-899.364861,96,7478.021186
2262.24831,191,7484.857192
-549.152531,28,7485.397063
-674.930995,143,7490.299067
2530.840676,180,7497.038743
-832.338162,214,7504.373487
2332.854599,83,7508.341018
2224.790221,58,7510.60282
2174.891465,170,7516.077353
2472.675461,79,7518.692088
2316.067,209,7527.280556
2098.315894,119,7531.735149
-761.598511,300,7541.331327
2055.341181,140,7546.220881
2197.67698,77,7550.009003
2018.264478,134,7554.84783
-512.106801,300,7564.883066
-234.337611,86,7568.935344
2185.465806,92,7571.833779
-447.293058,300,7583.284251
2284.704313,87,7586.056583
-1247.526428,116,7590.504128
-1345.636284,245,7599.688025
-50.102893,300,7610.951273
2105.536364,235,7618.574832
-377.412454,118,7623.067906
2011.58479,48,7625.120574
2558.730075,106,7629.447706
-1349.292248,300,7639.662333
2492.204648,97,7643.689452
2682.30363,123,7648.258939
2366.524995,109,7651.848378
2358.030735,85,7657.15765
63.299545,300,7670.709912
-974.118917,132,7679.694846
-681.153236,55,7682.414773
-1210.724245,107,7690.063462
-1017.158028,236,7708.870116
-112.097224,300,7718.971392
-666.138147,122,7723.504629
-511.362902,9,7723.699324
-543.51474,34,7725.481582
-525.078701,300,7737.868909
-876.605492,142,7742.897142
-591.912147,300,7753.990502
-270.024321,300,7763.485862
-551.200102,300,7774.852272
2298.278716,104,7779.084474
-515.621629,300,7789.033005
-708.931105,108,7793.147752
2499.459339,114,7797.430298
2163.069922,69,7799.804099
-643.285255,300,7809.675911
2135.982266,253,7818.629307
1997.696002,199,7826.738626
-494.809607,300,7836.851226
-318.703827,300,7847.831618
2595.795144,141,7852.737026
-723.381449,143,7857.611061
2174.944775,81,7861.459723
-170.232755,66,7863.816448
-795.564742,104,7866.811611
-1152.283883,300,7878.112156
-311.768757,300,7889.384873
-463.296417,86,7892.076107
-78.861035,300,7903.176281
-725.948484,300,7913.221817
-663.921584,149,7919.263017
69.680188,300,7929.157919
-711.891812,99,7933.330888
-287.506718,50,7935.469274
-164.565382,300,7945.593144
-213.295258,300,7956.705822
-133.377831,89,7959.54738
-611.911003,114,7964.882938
-1585.9206,181,7972.065843
-649.637891,45,7974.10972
-820.624478,161,7979.360385
-872.732775,300,7990.555907
-715.17952,300,8001.846563
-760.299549,300,8011.923349
-510.143558,300,8023.113202
2142.201964,84,8025.793719
-226.305918,67,8028.159835
-573.612222,300,8039.037902
-574.264905,74,8041.697148
-1193.353042,173,8048.219516
-256.172271,300,8059.333788
2096.252713,273,8068.813647
2279.105175,160,8073.925272
-943.591847,210,8082.252701
37.26872,300,8091.981535
-233.942835,300,8102.985748
2155.429676,236,8111.676973
1756.504201,165,8116.842342
-1574.248564,260,8126.036418
-543.809921,41,8127.888427
2614.397622,146,8132.691779
-464.229174,300,8143.961647
2363.334829,214,8151.132795
-570.893545,300,8162.339477
2199.840717,230,8171.068813
2132.566334,240,8178.596032
1705.072759,251,8187.739745
2575.619438,259,8196.766985
187.890635,300,8207.851422
2317.246212,104,8211.940645
2270.65379,215,8219.287109
2027.911788,277,8228.761414
-475.383599,300,8239.70348
2291.185053,149,8244.670043
-571.173417,40,8246.508875
-485.747833,300,8257.659976
-271.420999,75,8260.129211
-654.152148,300,8271.394555
-955.526531,86,8274.147216
-322.757275,31,8274.732599
-687.398251,300,8285.931027
2062.721732,242,8294.90613
2202.035794,130,8299.363728
1892.583024,256,8308.363389
-443.060468,300,8319.417956
-772.965247,300,8329.36304
2284.019673,49,8331.412088
2209.806755,109,8335.7888
2135.010698,63,8338.108139
-346.778656,36,8338.761127
-212.745826,53,8340.892211
2118.786175,97,8344.996321
2569.498648,154,8350.004997
2186.295596,77,8352.560419
1744.639128,169,8359.10683
2248.631628,81,8361.792605
-287.335346,43,8363.709943
2251.895808,91,8366.596726
2074.065992,142,8371.494295
-698.348066,80,8375.218767
2051.458025,69,8377.606268
-317.455404,44,8378.412262
-731.818292,166,8385.22893
-253.961486,300,8397.686336
-385.476276,300,8407.106262
-598.298725,300,8418.502688
2018.015259,142,8423.575141
1722.569709,232,8432.321625
2132.784912,169,8438.488089
2408.822496,79,8441.058538
2414.551272,77,8443.665476
2156.351351,136,8448.410097
2324.437448,75,8450.892301
2257.276386,189,8457.621025
1916.431669,86,8461.436855
1791.051711,293,8471.135337
-1169.318794,213,8479.507661
2408.167317,118,8482.719628
-728.000813,87,8486.479978
2523.820126,154,8491.478368
-40.848843,119,8495.980595
2276.711879,211,8503.238861
-398.36786,300,8514.431642
-466.069094,53,8516.583413
2030.094206,93,8519.399514
2161.528786,74,8521.92298
2249.691721,118,8526.450774
2221.172338,247,8535.402394
2233.555044,49,8537.479454
2464.14666,223,8544.858966
-357.853927,300,8555.912714
-362.200071,43,8557.902428
2007.694583,62,8560.206173
2674.24294,153,8565.301476
-294.650587,40,8567.214612
2454.452346,135,8571.953871
-588.823319,57,8574.102348
-772.220337,86,8576.868133
1787.36204,244,8585.931051
15.541965,300,8597.709314
-459.333112,300,8607.618376
-563.158413,233,8615.759322
-342.90109,300,8627.417366
2686.81943,143,8632.602893
-374.793754,53,8634.759047
-447.802682,136,8639.523379
-739.289162,219,8647.013383
2686.11351,209,8654.318631
-617.320725,43,8656.291333
-523.909929,300,8667.490318
-554.427694,25,8667.946228
-605.829424,207,8675.105841
-90.582684,300,8686.256904
-574.956263,66,8688.679753
-500.0,1,8688.857862
-500.0,1,8689.021023
-500.0,1,8689.181158
-500.0,1,8689.347192
-500.0,1,8689.511954
-500.0,1,8689.672922
-500.0,1,8689.848329
-502.446224,2,8689.939005
-500.0,1,8690.093697
-502.556514,2,8690.17994
-513.576978,8,8690.354479
-500.0,1,8690.517186
-500.0,1,8690.683234
-500.0,1,8690.833904
-502.915406,2,8692.18888
-500.0,1,8692.361334
-500.0,1,8692.53709
-503.327223,2,8692.61352
2133.496955,73,8695.147578
-729.681111,299,8705.07655
-569.152362,22,8706.668881
-429.676063,300,8716.708941
2143.208779,95,8720.747512
-973.909058,285,8730.457579
-283.030809,300,8741.459426
2467.454168,204,8748.509266
-489.360022,300,8759.541374
-275.714058,300,8770.91807
-970.794109,272,8780.073296
-682.076782,88,8782.840866
-448.839348,300,8793.835493
-835.578019,300,8804.365503
2219.837799,202,8810.926561
-915.672242,113,8815.211453
-997.275405,181,8820.741812
-861.275491,70,8823.16272
-654.598917,32,8824.948344
-1293.955379,300,8836.06145
-437.074652,300,8846.555059
2326.291077,73,8849.032895
-716.876781,300,8860.141188
-976.610492,272,8869.604876
-456.026957,300,8880.779235
2081.844564,112,8885.189399
-489.553039,300,8896.492142
1963.492922,234,8904.212846
-1036.526993,291,8915.318053
-635.66753,121,8919.819415
-474.547248,300,8929.626187
-579.360025,300,8940.822966
-327.513315,51,8942.991686
-504.905073,300,8952.971252
-922.801105,167,8959.385202
-854.998198,114,8963.656355
-118.454799,300,8974.869759
-239.251534,213,8982.103437
2189.013564,291,8991.946412
2581.299621,172,8998.486782
46.044265,300,9009.821761
2641.760902,154,9014.879346
-87.121631,300,9026.205205
-403.481012,300,9037.443448
-235.567187,300,9047.289611
1856.053761,152,9053.562719
1869.51577,170,9058.764456
2763.889513,163,9065.142726
-860.600821,140,9070.089916
2083.699631,193,9077.087036
2020.841801,109,9081.359585
-1157.752807,196,9088.45586
460.21563,300,9099.686672
-593.897352,300,9109.711585
-721.734134,81,9112.341612
2496.105684,190,9119.290556
2263.774154,45,9121.27098
-518.10726,91,9125.271715
2405.435944,152,9130.36034
-387.956058,76,9132.888637
2543.033292,104,9137.059881
-214.149941,113,9141.365475
2445.038454,284,9151.060726
81.600088,300,9161.996424
-694.550672,171,9167.167368
2164.129626,48,9169.213985
164.251494,300,9180.424181
2077.261265,294,9190.322382
2236.43226,151,9196.514354
-565.601844,300,9206.418872
-1297.702347,121,9210.738883
-393.577155,300,9221.76536
-594.454621,191,9228.659593
-899.007429,136,9233.402785
-848.032498,300,9244.511439
392.142405,300,9254.457204
1458.50217,300,9265.768486
-502.923507,300,9276.871712
2307.904524,69,9279.323995
2395.634443,128,9283.903813
-588.500031,40,9285.826024
306.128455,300,9295.674514
-446.426023,300,9306.761454
1768.124108,152,9311.757257
2304.345879,204,9318.88068
1961.570067,275,9329.678973
2143.801676,80,9332.277876
1845.88086,89,9335.028225
-2019.08277,179,9341.723009
-973.406695,182,9348.453553
-583.303604,80,9351.109348
1822.898252,99,9355.252083
2267.294374,71,9357.770205
2241.317243,42,9359.720422
242.895952,300,9369.656586
2406.752341,69,9372.22804
-491.305305,300,9383.152044
-630.418634,300,9394.355517
-666.379101,300,9404.164351
-511.700516,109,9408.505996
2206.675227,75,9410.992355
2242.403448,41,9412.877789
238.353096,300,9423.55589
449.642232,300,9433.442839
-930.701045,152,9439.659211
-568.069247,34,9440.292901
-843.075964,62,9442.616986
2533.515401,229,9451.330187
2057.40689,81,9453.970706
-700.848529,58,9456.182962
-198.401883,300,9467.37823
-689.411182,185,9474.097839
2487.508928,128,9478.703012
-844.665127,146,9483.626073
2412.458276,88,9486.367822
-477.178787,131,9491.092479
-208.696034,300,9502.477144
2320.036534,107,9506.748766
2467.394063,158,9511.986675
-465.778103,140,9516.777212
139.781141,300,9527.89071
-907.287644,195,9536.359401
-853.482079,165,9543.056543
2433.307109,148,9548.227406
-567.964961,300,9559.384252
2785.748493,135,9564.212846
-1094.877009,233,9571.852909
2122.89336,121,9576.345151
2392.927008,237,9585.141663
2187.470771,55,9587.340759
-360.756465,25,9587.801671
155.470496,300,9598.943157
-399.862362,48,9600.988032
-955.527293,193,9607.968049
1836.89101,112,9611.134678
2597.016316,124,9615.622733
-937.864967,88,9619.529013
2351.118132,82,9622.202781
-1076.017239,227,9630.809008
-434.132178,300,9640.6587
2244.153964,52,9642.74295
-489.132569,300,9653.87594
-214.219968,261,9664.881753
-541.476158,300,9674.85613
2447.5627,90,9678.854429
-383.939111,23,9679.295623
2453.360738,100,9683.519089
1823.82365,126,9688.221774
-660.653947,150,9693.138316
-343.101129,52,9695.253308
2224.141035,129,9699.85822
-1581.963227,223,9707.350476
2404.156318,93,9711.34999
2361.301023,66,9713.688133
-177.690559,119,9718.188857
-565.634278,27,9718.701421
1662.196388,235,9727.476191
-357.091775,300,9738.356081
2453.859269,75,9740.872085
2510.449442,85,9743.677684
-305.571692,57,9745.918314
-744.433305,163,9751.129255
2302.891339,275,9761.883244
-296.910921,300,9771.885074
-249.975686,300,9783.138857
2073.371313,150,9788.137041
2328.067096,68,9791.65306
2550.26714,200,9798.590249
2573.238569,179,9804.174836
1575.479753,290,9815.081847
2101.67847,80,9817.677542
2318.699076,277,9828.215226
2211.330669,192,9834.892849
-222.406711,300,9844.82801
2225.681409,154,9850.96936
-723.237726,300,9860.53965
-339.015065,300,9871.702442
2185.710139,91,9874.395659
2155.200955,185,9880.922906
2609.354712,156,9887.019256
2335.564817,142,9891.728244
-1030.419118,300,9902.632727
2195.149802,90,9905.42594
-1108.124234,300,9917.733878
2624.295484,120,9922.399154
2069.893515,237,9930.363644
-525.108444,117,9934.816404
-1266.499715,300,9946.018161
2182.138621,147,9950.992889
26.901912,300,9961.790498
-190.400223,175,9968.30296
-771.863884,153,9973.266585
2396.451999,74,9975.78847
2165.01399,127,9980.931281
1769.780869,203,9988.351145
-795.87287,207,9996.56474
-1042.183409,109,9999.633287
2018.935795,66,10002.00851
-989.687794,300,10013.431479
-210.181056,49,10015.565547
-505.383681,66,10017.920537
2255.006179,47,10019.94675
-219.747906,99,10022.865107
2019.000043,282,10032.268695
-283.516878,175,10038.953234
2062.532555,94,10043.044829
-935.596969,121,10047.61776
-715.411932,65,10049.952783
-547.329722,40,10050.657807
-1224.836043,146,10055.656358
-539.636823,300,10066.810616
60.949167,300,10077.679656
-652.479651,300,10088.682483
2000.548929,86,10091.398064
-1004.045356,199,10098.627691
-813.4524,121,10103.135984
2860.873115,244,10111.947801
-671.781408,300,10122.024644
-448.497734,284,10132.876387
-710.91494,300,10144.011156
-361.050606,63,10145.124459
2326.034425,83,10148.955222
2296.294575,173,10154.356137
-572.567956,29,10156.092711
2224.976871,109,10160.655192
-236.119381,300,10170.782137
-893.953579,203,10178.937313
1979.331254,65,10181.196388
2318.042273,119,10184.626851
2201.888715,183,10191.545096
2715.048323,284,10202.295268
2247.958629,111,10205.394863
-502.658196,244,10214.367304
-324.584688,300,10225.619361
-651.411682,71,10228.052053
2375.614411,153,10232.974384
2631.819898,258,10242.112889
-474.736788,300,10253.123311
2099.905588,84,10255.825749
-223.338948,197,10263.915959
-209.121158,87,10266.625398
2769.086038,251,10275.771149
2492.538914,109,10280.03461
-602.344471,300,10289.904417
-879.901127,105,10293.935601
2364.170386,143,10298.783189
-689.431444,55,10300.90326
2398.753629,143,10305.738191
2196.108794,108,10309.938967
1761.565098,236,10318.661954
-357.159839,55,10319.673848
2391.305663,88,10323.537599
-441.811385,234,10331.109571
-268.454378,300,10342.205573
2523.140993,254,10351.370993
2237.902283,73,10353.80262
-412.379536,300,10364.958781
-875.690617,201,10372.162915
-650.993179,300,10383.356003
-798.298913,66,10385.687292
2046.121667,140,10390.535836
-1252.260048,228,10399.336147
-691.141554,106,10402.524851
204.177871,300,10413.723376
2109.768695,85,10416.411191
218.455469,300,10427.511146
2129.151727,130,10432.297121
2225.804366,51,10434.327072
-669.992976,69,10436.72963
-445.012486,300,10446.748784
-771.436009,48,10448.793186
177.033658,168,10455.279013
2189.673095,77,10457.829158
-352.05527,300,10469.080681
2004.005467,84,10471.766553
-781.310889,85,10474.405378
-484.503935,300,10485.592201
2027.837324,180,10492.334063
-454.992668,83,10494.953736
2390.862814,140,10499.65602
-632.364488,37,10501.532553
2456.601921,85,10504.196897
-561.485774,300,10515.305951
-832.381725,211,10522.590551
2133.314883,68,10524.985297
2877.201814,186,10531.822645
-1841.587297,225,10540.451429
-744.381443,300,10550.109706
2443.672594,206,10558.742454
-612.890411,128,10563.372984
1889.131915,228,10570.939451
-326.991655,130,10575.618197
2908.001472,233,10584.698171
-658.221072,81,10587.360574
2308.437593,73,10589.846826
-232.035219,255,10599.181785
2400.100722,109,10603.469145
1905.070946,95,10606.26164
-401.473645,300,10617.746975
2283.082001,74,10620.219333
-140.27679,300,10631.254726
1988.984053,78,10633.756368
2390.721089,151,10639.871373
-628.417703,300,10650.038349
2639.087707,154,10656.33664
2295.535889,103,10659.320118
2329.690202,191,10666.24406
2200.71987,45,10668.274251
-556.410328,35,10670.089188
2156.292763,67,10672.556621
-696.286991,97,10675.435215
2440.45057,170,10682.097567
-524.559894,300,10692.014779
20.452325,300,10703.485399
393.928554,300,10714.667488
2521.54471,159,10719.788375
65.617215,300,10730.769875
2149.692353,126,10735.38136
2564.568608,269,10745.089575
1884.080726,96,10749.191463
-731.642989,300,10759.069476
2150.628423,191,10766.283561
2344.816948,68,10768.873396
2123.775749,43,10771.239158
-918.455651,210,10780.749742
2437.463966,199,10789.430383
-181.019008,300,10801.561426
-585.423046,300,10813.20021
1943.59069,160,10818.398242
-1100.132609,268,10828.011995
140.429603,300,10839.077192
2306.288905,135,10843.791836
2046.003513,87,10847.749918
3034.981807,181,10853.331144
164.157478,300,10865.086961
-847.388293,300,10876.205611
-566.057147,35,10876.857651
-209.799547,300,10887.74411
2689.30901,250,10897.003511
-795.865828,151,10902.015559
-595.04463,300,10913.160908
-625.357681,297,10924.523558
2049.833635,93,10927.376235
-1017.528438,300,10938.612917
2276.968502,58,10940.83609
2349.954036,184,10947.774398
2231.392498,58,10950.117458
1479.612325,242,10957.96624
-1034.099636,227,10966.704492
-336.03763,300,10977.93986
2437.451941,120,10981.215621
2860.007516,182,10988.010566
2042.084212,162,10994.413267
-1190.974714,273,11003.942615
2249.730916,91,11006.735957
-499.899477,84,11010.544292
-326.078021,79,11013.096004
2065.937327,46,11015.120459
2396.053238,241,11022.877901
2378.322235,178,11029.553007
-741.578355,241,11038.528038
-398.825186,289,11049.413196
2034.839463,61,11051.676131
-812.017753,232,11059.384428
2395.80384,86,11062.141937
2153.018506,95,11066.198746
-523.150441,300,11077.414178
2351.87895,191,11084.316736
-917.38023,300,11094.369099
-561.409298,51,11096.449529
173.160379,300,11107.704454
2167.727135,115,11112.078636
-392.607086,300,11122.136378
-183.933601,95,11126.193594
-789.639135,300,11136.058102
-567.631081,300,11147.300782
-528.658315,186,11154.092582
1955.671926,154,11159.219909
39.882781,300,11170.615952
1888.094349,102,11174.749927
2189.005272,184,11181.397453
2254.475618,77,11184.02253
2076.536536,115,11188.436323
-601.355185,300,11198.327423
-389.839851,300,11209.404424
2372.549243,87,11212.135114
1948.073239,95,11216.231265
2301.116661,164,11221.453836
-885.669739,300,11232.286752
2015.508463,203,11239.363618
2939.413996,186,11246.22809
2158.453835,157,11252.607841
2199.552322,213,11259.829752
2640.394704,111,11264.13276
2593.101525,122,11268.761134
311.110177,300,11278.812872
2229.888519,113,11283.18677
2757.09479,203,11290.408061
-1614.536892,271,11299.88433
310.036823,300,11311.165
2000.26883,67,11313.547619
2025.646408,201,11320.480273
2216.258916,72,11322.926286
2212.919068,58,11325.138543
2252.292494,60,11327.349602
2217.308396,51,11329.358791
-381.412341,58,11331.640943
2538.321605,141,11336.474886
-819.637457,300,11347.557574
42.448469,300,11358.62337
2477.190196,119,11362.016453
1930.771966,76,11365.7463
-486.725065,300,11375.20766
-891.386521,289,11386.070938
-824.694563,107,11389.15679
2393.080036,288,11399.866317
-795.010777,300,11411.227413
-569.22849,60,11413.493167
-558.601817,300,11423.557516
2029.383563,99,11427.725749
2165.580003,50,11429.766852
2137.501585,61,11432.051788
-1410.008477,268,11441.338555
-411.38661,85,11444.000172
-775.405922,300,11455.252391
2544.092691,275,11464.731319
2042.760578,191,11471.549844
2260.541646,44,11473.516537
-1808.354197,242,11482.445299
-591.766915,51,11483.388872
-489.562006,269,11493.894407
-521.999159,300,11503.77808
-663.193339,37,11505.617503
2429.12956,178,11511.977766
-969.003437,216,11519.313049
-1687.300386,292,11530.446039
-667.512928,55,11531.39493
2058.682867,177,11538.031362
-1770.00571,264,11547.472394
-1248.030002,282,11558.310765
2144.829567,81,11560.839143
2249.049946,68,11563.154176
-796.714038,162,11569.564559
-708.022999,300,11579.546172
2463.443491,85,11583.479226
2330.998657,255,11592.500768
-334.272905,300,11602.501301
-1289.423068,293,11613.26353
-661.167105,300,11623.240904
2151.951054,141,11630.797277
2080.196726,130,11637.479879
1991.880043,165,11642.887513
1996.755631,111,11647.376742
-506.828538,17,11647.744418
2237.757251,155,11653.881938
-500.340989,300,11664.050176
2159.316874,75,11667.745134
-672.591546,97,11670.674895
2268.578149,65,11673.054311
-516.297185,300,11684.150207
2562.298989,98,11687.101916
-411.408194,149,11693.285523
62.581416,300,11703.30061
566.674688,300,11714.5356
2236.246531,67,11716.843372
2341.538063,282,11726.604364
-1068.343048,211,11734.960365
-514.212833,7,11735.10757
-281.65513,42,11737.05907
-575.003593,300,11746.996238
-426.033678,300,11757.862005
2070.282885,201,11764.914904
2462.358297,227,11773.507455
2455.205441,129,11778.124548
-433.437373,197,11785.168671
2479.613535,94,11788.071313
-166.173113,300,11799.25392
-454.331678,45,11801.189995
2285.265644,111,11804.193313
2125.822538,132,11808.842485
2314.14811,103,11813.028832
-517.995734,15,11813.331582
-1119.442062,189,11820.174474
2210.375473,58,11822.36769
2797.579925,183,11829.227417
-535.124939,300,11840.46564
-483.310488,86,11843.40569
-701.561288,300,11854.078262
2476.402575,150,11859.107009
-521.37164,300,11870.193675
2380.064062,227,11877.726809
-840.066311,166,11884.299291
2165.959287,223,11891.663317
2153.91924,75,11894.202963
-576.575653,300,11905.373236
-720.552992,300,11916.521442
1914.772497,141,11921.348412
2589.312991,119,11925.826082
1982.119807,163,11931.143154
2504.096433,91,11935.163534
2373.351089,290,11945.017804
2280.934955,107,11949.17731
-609.652792,34,11950.98327
2189.647262,242,11958.775031
1737.060785,255,11968.289861
2366.751411,68,11970.692796
2590.344688,170,11977.299273
1996.994533,189,11984.108431
298.898262,300,11995.348921
2041.210342,208,12002.505721
2267.430504,62,12004.793501
2473.984522,173,12011.461483
-461.871243,8,12011.636913
2274.171357,80,12014.249699
-253.625456,221,12021.509536
2362.000509,183,12028.458664
-724.100661,300,12039.687997
-438.669882,58,12041.848654
-613.911955,300,12052.961719
-558.421317,52,12053.901504
-288.482511,148,12060.050126
-1428.551758,300,12069.765898
2097.794723,84,12073.598869
2195.728677,62,12075.88285
-518.128775,46,12076.710175
-730.460874,147,12082.847295
-470.562434,95,12085.716408
2292.452484,255,12094.835694
2523.704007,113,12099.275832
239.027551,300,12110.551464
-336.284769,300,12120.606202
2365.09066,284,12131.277283
2182.860678,52,12133.406473
-1076.30634,300,12143.359877
2112.331057,100,12147.550079
-138.789049,300,12158.568774
-647.591709,35,12159.212737
2392.398926,108,12163.372133
2246.200587,45,12164.187448
-70.002778,123,12168.406555
52.961091,101,12172.650934
-463.725362,97,12175.622154
2282.307793,67,12179.150973
-627.412587,300,12189.073801
-678.892771,122,12193.477731
-1175.557602,195,12200.53465
2187.204797,72,12203.243541
-348.844152,56,12205.462816
96.513446,300,12216.686124
2355.286405,95,12219.514869
2449.396192,108,12223.861598
2263.180503,77,12226.403969
2065.745816,90,12230.189693
2403.956268,122,12234.804707
-820.152784,300,12244.796717
2154.046394,153,12251.166375
-479.375236,69,12253.425438
2242.813348,99,12256.407777
2308.402734,150,12262.584965
-637.432448,137,12267.43267
2657.292807,134,12272.111991
-740.30259,300,12283.089322
2177.183171,53,12284.069583
-480.423267,7,12284.224123
2004.717214,62,12286.522104
-194.34169,300,12297.780756
-378.643158,76,12300.314216
-495.064311,93,12304.178078
-608.708343,39,12304.886415
-355.11655,300,12316.018001
2332.845477,247,12325.391282
-409.990148,38,12327.270497
-270.511236,300,12337.065281
-321.828531,300,12348.040798
-688.614672,122,12352.405016
2296.596243,84,12355.089358
36.758242,300,12366.279821
2309.565779,60,12368.574379
-940.670399,139,12373.297965
-528.6158,28,12373.834461
-433.066441,205,12382.028852
2244.79657,235,12389.816633
-430.513035,197,12396.729729
-672.313246,181,12403.440537
-392.548998,56,12405.651609
-197.922117,300,12416.917446
65.061975,300,12426.594827
2263.605039,178,12433.188118
2578.713464,296,12444.42714
2230.21577,173,12450.036502
2409.022861,124,12454.608457
-641.068098,300,12465.688044
2162.332939,200,12472.665246
-559.266878,27,12474.549191
-441.789535,300,12484.403988
-255.770753,300,12495.580523
2250.259518,97,12499.355932
2165.996615,195,12506.35283
2030.225457,296,12515.963653
2422.797271,177,12522.56639
2301.418944,56,12524.78767
-604.253706,300,12536.000003
2453.617899,199,12543.003228
2628.910936,180,12548.589048
2462.563688,88,12552.460141
2423.6263,75,12554.973106
2131.890439,139,12559.691437
-487.461156,39,12561.667133
-791.440486,200,12568.795824
2587.581468,285,12578.596315
2627.999529,200,12585.89511
2591.617368,237,12594.890096
2315.010198,117,12599.353671
-597.726653,35,12601.165424
2216.214102,87,12603.857593
1896.672024,285,12613.606007
-461.377146,215,12622.204116
2257.718651,127,12626.834118
-620.6433,300,12636.722661
2351.295305,75,12640.44351
-551.026062,45,12641.239167
351.966495,300,12652.508861
2158.043345,108,12656.919762
2270.925801,160,12662.144626
2691.211386,261,12671.474894
-675.073941,300,12682.433039
-298.470826,300,12693.642643
-322.538958,64,12695.985858
2283.389751,166,12701.182762
-149.391464,59,12703.448049
2332.836107,119,12707.963262
2366.953434,202,12715.184124
-648.037778,190,12721.964894
-305.875272,300,12733.100898
2190.537945,131,12737.788679
2532.237069,154,12742.94137
2271.311643,115,12747.380019
1939.566318,154,12752.530212
-186.779428,142,12758.546428
2577.0811,119,12762.96715
-721.026112,41,12763.701354
2142.632197,168,12770.27685
-412.065967,77,12772.832323
1777.874267,223,12780.299378
-526.175343,300,12791.414532
-2071.47254,300,12802.432221
2496.032341,153,12807.442935
2083.558426,268,12817.012934
-66.212457,300,12828.276937
2437.921978,184,12834.980296
-551.911372,300,12845.96112
2490.623542,179,12851.216681
1987.915199,75,12854.936554
-212.224109,300,12865.008826
2511.763386,150,12871.289602
-191.257829,65,12873.597544
-590.739879,51,12875.734563
-572.851995,127,12879.203981
-1073.413691,144,12885.129292
2378.200848,145,12890.0496
-101.027341,300,12901.052069
-567.326049,300,12911.038289
2332.511106,110,12915.318698
2287.447875,58,12917.57778
2249.017073,163,12924.105121
213.641819,300,12935.357119
-317.555714,142,12941.429921
277.249326,300,12954.237604
2391.645187,247,12963.44796
2368.739545,77,12966.002918
2452.245281,93,12970.009519
-542.8327,96,12972.831553
-1106.879174,118,12977.218142
2244.543144,109,12981.520446
2270.175624,126,12986.102872
-255.749233,300,12996.083045
2276.338349,172,13002.682822
2480.953111,298,13014.17061
2249.614744,68,13016.575378
-750.948576,300,13026.563293
-227.929232,71,13030.201073
2172.130446,125,13034.77389
2203.57798,73,13037.268546
2338.477151,107,13040.333536
-519.463536,45,13042.572089
-291.280474,41,13044.500549
2288.258643,105,13047.566037
2187.341284,45,13049.560316
-528.757379,168,13056.086958
-720.20485,100,13059.230641
2213.150383,64,13061.615993
-666.174725,300,13072.889512
2434.432045,77,13075.41455
1902.891124,136,13080.197009
181.009475,300,13091.433793
2274.255704,160,13096.715318
514.880305,300,13107.939305
-387.143045,34,13109.751941
2432.352781,103,13112.803264
-728.232036,194,13119.82396
-71.845185,300,13130.886034
-930.379781,155,13136.004855
-266.024872,300,13147.080004
-1166.009913,300,13158.104537
-588.80528,64,13160.39111
2315.832648,124,13164.998264
-170.634975,126,13169.48223
2090.65513,56,13171.616082
-699.848068,60,13172.715537
2692.444108,196,13180.839434
-622.229159,300,13190.99229
-298.663651,275,13201.830709
-476.179763,10,13202.050414
-554.821128,191,13208.748152
-705.011252,92,13211.545984
-343.214061,254,13220.385161
-339.914789,300,13231.612904
-627.279873,300,13241.577969
2280.546848,122,13245.920143
2410.185345,118,13250.369197
2346.74163,101,13254.536484
2849.213374,175,13261.183976
2457.398239,210,13268.509211
2667.637874,162,13273.574551
82.000796,300,13284.634866
2391.517638,75,13287.107581
-198.735705,300,13298.220139
-608.849809,23,13298.657857
2213.410399,159,13305.082297
-1031.510927,300,13315.299057
1910.643357,254,13324.467401
-217.027836,300,13335.701239
-512.249608,300,13346.907175
2635.497266,290,13356.637786
2100.820912,118,13361.06359
2444.371154,132,13365.831672
2912.016206,174,13372.495475
2286.882116,229,13380.067317
92.023966,300,13391.187365
-181.263862,300,13402.50953
2268.758028,81,13405.195878
2246.518087,297,13416.296656
2286.276261,143,13421.063245
-630.427786,94,13424.081867
2380.132665,163,13430.399753
2231.325116,44,13432.407573
2192.25284,74,13434.949657
2168.763855,74,13437.468913
2269.045856,65,13439.820745
2196.025731,41,13441.737916
2045.244909,108,13444.809607
-317.28503,47,13446.879765
2324.673507,59,13449.076698
2229.303499,154,13454.113092
-146.367547,82,13458.007713
2187.983049,109,13461.100472
2177.492991,183,13468.031279
2449.340403,113,13472.454426
-1667.963963,300,13483.662954
2520.110298,105,13486.806861
-505.400153,70,13489.24666
2242.920163,292,13500.262914
1976.408874,77,13502.818557
-783.344017,117,13507.353411
1975.624302,176,13513.838645
2289.648759,89,13516.606824
-936.221297,162,13523.128541
2433.441984,150,13528.158736
1892.787084,107,13532.380179
-318.482264,49,13533.293835
2502.249593,99,13537.579535
1962.359259,76,13540.10678
2183.436343,74,13542.588131
2390.876905,101,13546.77317
568.150667,300,13557.979603
-558.563741,28,13558.504097
1770.865889,163,13564.744615
-666.268419,300,13574.85883
2357.032418,74,13577.408879
1864.108863,135,13583.297631
2249.677555,59,13585.555875
2442.351836,208,13592.665712
-1813.446973,300,13602.608011
-629.804356,300,13613.218862
-199.849906,86,13615.962676
-630.15721,111,13620.276654
2326.695266,109,13624.499448
-1372.760863,300,13635.343226
-711.595509,203,13642.184198
-623.37506,20,13642.60071
-406.828724,88,13645.391902
196.897219,300,13656.468421
-709.701022,300,13667.605072
2169.966446,118,13672.098042
-7.92653,300,13682.00719
2248.163056,53,13684.157887
-738.056556,300,13695.40235
2415.893272,225,13702.901417
-985.712391,300,13714.104857
2393.187032,107,13718.340521
-541.66681,300,13728.303498
2209.743416,242,13737.103007
-542.813559,145,13741.965619
-1189.800462,300,13753.283964
2365.898588,143,13758.177202
2607.005518,250,13767.274301
-839.097084,218,13775.812115
-455.691683,300,13785.732105
2194.918908,61,13788.014747
-27.406218,300,13799.296997
2354.741813,263,13808.397774
0.667689,101,13812.790786
-562.228797,41,13813.537456
-611.452102,300,13824.168182
2209.926915,63,13826.487722
-543.700281,16,13826.79658
-560.565193,45,13828.780438
-519.67111,5,13828.912231
-901.161122,55,13831.110397
2294.166104,79,13833.64433
-720.967886,93,13837.611269
-70.070501,300,13847.110383
-233.156849,300,13858.332122
-478.618774,278,13867.958538
-1989.887708,175,13874.549538
-1038.199217,300,13885.657874
-597.593368,52,13887.787109
-1258.335055,298,13897.703387
-1090.174273,300,13908.517878
2488.223624,148,13913.560606
-565.554334,36,13915.417109
2933.335505,264,13924.874293
2240.316327,145,13929.73764
2547.99978,247,13938.801684
-599.021134,59,13940.999273
2278.98381,213,13948.431816
2113.001427,103,13952.570382
-2036.375083,300,13963.627986
-2377.514783,220,13971.028171
-1243.397627,109,13975.318707
2330.568814,203,13982.401184
2819.154231,196,13989.389744
1843.512737,161,13994.420023
1949.700539,76,13997.99488
-793.204513,300,14008.175732
2157.844495,74,14011.856324
-1194.702595,218,14019.202605
1985.370576,95,14022.077331
-522.474448,33,14023.840358
-569.223994,65,14026.146381
-614.542042,30,14026.703159
36.622464,300,14037.829933
-999.415248,234,14046.705535
2345.65393,115,14051.140893
-597.547166,145,14056.103527
-628.52434,39,14056.810394
2098.469549,58,14059.04717
-391.773569,34,14060.83976
2461.130125,150,14065.949416
2207.451274,299,14077.052926
-905.358617,204,14084.206327
2094.177998,76,14086.765125
2388.04213,64,14089.084687
-673.11541,40,14090.993772
2188.834637,185,14097.829365
2412.293279,147,14102.831226
2288.797372,188,14109.510632
-188.095851,92,14112.330504
-205.893904,167,14118.847992
1791.755392,259,14128.162577
2244.533621,290,14139.126354
1959.672496,238,14146.632807
2205.809788,61,14148.878477
-560.393612,300,14160.23259
-602.841954,300,14171.150989
2230.865584,65,14173.441681
2488.073617,137,14178.126353
2473.94541,265,14187.708312
-1442.451952,181,14194.698421
-330.295673,69,14197.122261
-176.390759,300,14208.370951
2545.986693,137,14213.195053
-379.118843,300,14222.972068
-292.715768,211,14231.388533
2121.66435,264,14240.715891
144.698878,300,14251.645517
-338.529093,239,14259.392727
-676.666122,58,14261.598966
2093.034583,79,14264.262505
-319.382191,239,14273.376216
-425.563409,300,14284.526191
2140.144547,151,14289.498015
263.291045,300,14300.827869
-474.768124,300,14312.098474
2014.855062,158,14317.213375
2162.157277,84,14319.898842
2108.404815,101,14324.219342
2308.276431,145,14329.150317
2660.370524,191,14336.247945
-765.747063,300,14347.742841
2875.324368,179,14356.49061
2119.635047,254,14367.540731
-791.947437,150,14373.781538
2849.870889,266,14385.754295
2536.583635,232,14394.585526
-582.674284,41,14395.334733
-1106.502627,300,14406.476251
-961.444511,72,14408.981351
2420.926117,105,14413.660688
2397.559415,197,14420.820273
2221.43696,125,14425.504579
6.070459,300,14436.562622
2000.808237,134,14441.346646
-836.535772,80,14443.965327
-96.979351,300,14455.264488
2505.814345,88,14458.078291
-451.412997,300,14469.31575
2071.843447,66,14471.672891
2275.737479,188,14478.657996
308.729079,300,14488.709051
1782.247777,194,14495.787726
2109.132304,144,14501.919204
-423.568415,123,14505.282674
-606.938285,44,14507.297821
2122.631945,84,14510.155535
-613.46058,74,14513.848789
2311.451903,55,14516.083681
100.401961,149,14521.035586
2378.572833,67,14523.414363
2818.383617,169,14529.814095
48.778105,92,14532.592825
2302.876832,126,14537.120032
58.021799,300,14548.496695
2655.486015,285,14558.270693
2541.59627,139,14563.06216
-261.961001,300,14574.35054
-983.332869,300,14585.620248
-741.033392,90,14588.4134
2888.626937,233,14597.294773
-1184.854342,119,14601.846548
-625.706137,40,14602.581521
-760.682079,59,14604.899846
2162.298618,65,14607.257676
1753.479068,214,14614.602041
-575.417617,60,14616.880542
2517.587164,122,14621.583807
-1536.32259,273,14632.346592
-892.530016,180,14637.888673
2371.341918,91,14641.886949
-728.606536,73,14644.389435
-551.385119,30,14644.948587
2772.414211,264,14655.484804
2277.171463,49,14656.421866
-911.73495,300,14667.382924
2310.946408,95,14670.287536
-297.810966,49,14672.354683
2165.247642,132,14677.043727
1928.172444,81,14680.937399
-422.598811,84,14683.613142
2447.088603,164,14688.987586
2219.211868,124,14693.568696
2335.713784,83,14697.472876
2233.834946,84,14700.170925
2407.094371,74,14702.666555
2439.928621,79,14705.278637
57.372931,300,14716.514891
-980.941005,186,14723.407314
145.250859,300,14734.435939
-156.692212,143,14739.291209
2927.642032,161,14744.732218
-858.975866,300,14756.021671
1893.738386,220,14764.624436
2326.461735,133,14769.34222
1873.667548,226,14776.922989
2435.087541,106,14781.103682
-352.005415,86,14783.91366
2487.316232,80,14786.542375
2222.302169,40,14788.457686
603.370396,300,14799.648898
-632.311593,127,14804.21299
2089.014292,78,14806.830379
238.626495,300,14818.043562
2335.797228,156,14823.125943
-362.440431,44,14825.123008
-572.314515,300,14835.140025
2082.066388,232,14844.112547
3095.789301,216,14851.237723
2429.270158,224,14859.972326
2407.13532,267,14869.432949
2232.707738,147,14874.341449
-742.182687,146,14881.164917
2529.251395,249,14891.112505
-663.998396,54,14892.060178
-632.43629,121,14896.759269
2146.170205,182,14904.354931
-704.560271,60,14906.612171
-391.2731,123,14911.128625
2219.913273,160,14916.426836
1839.995016,283,14927.362765
2159.905665,266,14936.851991
2801.447048,148,14941.791219
2308.37189,145,14947.980152
453.644132,300,14958.017068
-658.146791,300,14969.187003
2269.570501,61,14971.475506
2834.316173,142,14976.344706
2262.544639,109,14980.560172
2678.82696,269,14989.994766
-2022.97898,300,15001.128035
2784.444386,172,15008.111148
2511.753718,90,15012.245122
2242.567414,126,15016.941983
2806.948459,159,15022.244211
-543.483426,28,15023.982581
-737.982047,300,15033.643082
-544.476444,105,15037.969112
2588.633304,103,15042.186668
2273.004426,127,15046.810466
-507.382425,300,15056.842599
-367.00233,35,15058.661339
2206.978429,92,15061.438919
-407.528774,300,15072.658092
-413.076572,300,15084.095932
2011.313759,194,15091.036759
2135.600763,92,15093.833077
35.327093,300,15105.077449
2582.978738,183,15111.875867
-1335.530874,164,15117.043779
-214.265758,213,15125.150784
69.241421,130,15129.723823
2495.676054,82,15132.356601
1899.298814,101,15136.484709
3124.289595,207,15143.75392
-25.090549,221,15151.273542
-926.37852,84,15154.97551
2120.161409,80,15157.471031
2412.851765,146,15162.344369
-1275.467275,280,15171.968106
2483.11166,136,15177.964354
-568.164066,300,15187.903692
-411.96705,42,15189.833193
406.830163,300,15201.095789
-610.64881,79,15203.70737
-451.218745,300,15213.530246
3197.171153,215,15221.872007
2390.079583,152,15226.913441
2289.421966,63,15229.187358
-512.306775,5,15229.300258
-795.05112,57,15231.525805
-657.674458,39,15233.435004
-189.269307,70,15235.816215
2355.012303,134,15240.345353
2326.79948,132,15244.9006
-516.433537,57,15247.138436
-406.998971,142,15251.998964
-333.303554,300,15263.168785
-351.608716,70,15265.611041
-624.237557,33,15266.24048
245.482658,300,15277.224168
2542.268763,125,15281.583986
2159.992564,68,15283.875346
3094.559113,240,15293.757972
2293.597186,77,15296.78847
2467.820431,80,15299.439625
2381.940291,140,15305.511844
2324.929417,135,15310.210632
-652.401936,218,15317.722343
2815.172778,236,15326.877902
502.76263,300,15337.206317
-983.411901,107,15341.533437
2458.985126,121,15346.082646
-295.895599,300,15357.185863
2266.586598,201,15364.058952
-451.123478,58,15366.321023
2328.277137,177,15371.839051
2940.924983,209,15380.281682
133.854808,300,15390.244115
2209.049424,114,15394.37353
2568.634709,272,15403.913624
-361.831392,144,15409.987881
-565.593557,300,15420.09035
2606.246358,210,15428.387038
-424.673908,300,15438.501272
2260.939507,56,15440.879383
2059.726906,145,15447.09729
2269.278289,102,15450.127968
-253.358384,300,15461.279634
-824.831533,300,15471.342774
2409.616574,79,15475.173136
2537.694252,148,15480.175259
1846.70069,203,15487.282396
2494.481022,175,15493.889454
-295.795458,219,15501.588587
2651.414487,107,15505.892994
2501.009545,97,15510.050733
2079.308355,130,15514.563351
2446.987444,267,15523.971933
2325.356493,126,15528.564921
2010.061665,83,15531.269388
-565.397367,42,15533.20287
2451.356463,244,15541.093984
-535.866928,300,15552.360641
2730.394957,124,15557.350082
-55.879863,300,15570.22503
-587.03738,75,15572.766282
2598.924873,151,15577.867906
2716.345935,166,15584.442508
-608.350699,41,15586.374409
2107.752942,92,15589.163686
591.287786,300,15600.310257
2732.947785,151,15605.351352
-775.52606,152,15610.287836
-483.426383,8,15611.668385
-802.808029,300,15621.625975
-635.848776,49,15623.733668
-415.125586,16,15624.05396
-367.227673,130,15628.73638
-1125.73846,300,15639.810514
-428.855898,300,15651.041536
-464.199307,197,15657.951852
2605.592536,242,15666.892318
2388.892203,164,15672.106807
-632.063311,78,15674.814307
-351.156121,72,15677.265238
-583.348905,300,15688.73735
-1900.709346,300,15699.473397
2733.171777,150,15704.259639
2856.927934,207,15711.43945
1961.922725,180,15718.221514
-765.080972,92,15722.25179
2323.629408,91,15725.044397
-944.939437,146,15729.883873
1874.679865,82,15733.560633
2123.662507,102,15736.528164
2217.440861,79,15739.099928
2416.642065,174,15745.762155
-1643.232964,300,15756.924727
-347.415158,300,15767.843243
-712.105799,122,15771.059059
2367.950466,88,15774.910538
-342.245603,284,15784.403705
2180.648272,296,15795.167792
2185.533201,139,15799.904846
2448.753296,125,15804.785712
2124.761145,228,15813.397069
2184.962469,164,15818.686339
2478.798363,133,15823.435614
-589.266742,104,15827.597453
-28.544282,300,15838.845732
2393.496134,133,15843.589605
-228.872808,49,15844.515918
-773.672805,153,15850.608612
2482.518676,262,15859.989636
2290.180647,168,15865.481013
2209.515977,97,15869.486174
-783.497152,80,15872.102906
-235.21801,46,15874.15235
-635.493917,186,15880.820935
2308.397238,56,15883.037786
2072.709891,139,15887.882169
1609.387345,225,15895.285241
1817.87271,152,15901.485434
-73.268957,300,15911.268664
-706.017868,54,15913.43916
1845.300687,131,15918.069041
2691.457009,227,15927.146417
-619.9354,23,15927.559003
2272.171512,61,15929.812828
2322.202522,59,15932.034355
2466.099311,76,15934.536968
-401.208015,88,15938.40851
2245.107988,51,15940.474183
-1312.742841,118,15943.673329
2367.147595,75,15947.478491
2476.277308,216,15954.847113
-474.203616,194,15961.870638
-526.730345,40,15963.790548
182.871949,300,15973.753224
1825.000161,135,15978.547392
2644.278434,176,15985.235545
2352.388386,151,15990.312733
228.35658,300,16001.126484
2518.632742,163,16007.53243
2138.025042,198,16014.823145
2544.954023,92,16017.658199
1930.227488,85,16021.477585
2028.413496,138,16026.256878
2466.183048,89,16029.031263
-405.279556,143,16033.854565
3024.008688,179,16040.568464
-804.680627,300,16051.763085
2990.379226,168,16057.047935
2805.672881,244,16065.993798
2294.0963,49,16068.114257
2831.146754,248,16077.286512
2047.02162,180,16083.805882
1784.56343,132,16088.184875
-280.265074,300,16098.325202
-578.341182,300,16109.548514
2389.13069,66,16111.80343
2215.110551,75,16114.222412
2133.559466,239,16123.247274
-516.485267,29,16124.932367
2366.6084,135,16129.567804
124.734915,300,16139.428976
2172.289377,80,16143.086933
-288.980306,300,16153.196426
2781.276106,200,16160.369833
-561.37489,290,16171.417343
-313.886584,110,16175.741156
-211.529841,58,16177.891941
-933.448227,300,16187.801005
155.843017,300,16199.187367
-1413.098209,300,16210.286715
2250.25565,64,16212.619218
794.38296,300,16222.995827
-497.815463,171,16229.512498
-572.94612,262,16238.668148
-374.711565,129,16243.278005
-192.882429,300,16254.385347
1996.161489,284,16263.971512
2344.417822,220,16272.402869
-111.011306,300,16284.454361
42.045387,300,16295.888759
2801.865686,298,16306.892404
1859.22311,120,16311.437321
112.168682,300,16321.620569
-48.318162,129,16326.21601
2060.278456,182,16333.022988
2679.580791,140,16337.867386
2335.671718,137,16342.664402
2939.724478,234,16351.469894
2599.933901,134,16356.179141
2078.960847,80,16358.668358
2994.374728,235,16367.542091
-147.631548,300,16378.716399
2652.397355,237,16387.535065
-78.036965,257,16396.759854
451.641655,300,16406.705321
-1202.821042,300,16417.653704
2389.154341,91,16420.331927
494.006822,300,16431.539222
-470.33281,172,16438.27311
2790.826682,272,16447.592646
-231.39991,52,16449.725689
2132.955583,79,16452.370127
2377.557182,194,16459.358346
-238.235106,90,16462.249604
-263.294683,113,16466.528471
2342.534793,118,16470.968612
2825.383579,247,16479.94261
2177.99034,225,16487.472512
359.419929,300,16499.307861
-414.425504,300,16510.793382
-200.717119,59,16513.034798
-477.299215,300,16523.041576
-59.000189,300,16534.161087
-518.94658,8,16534.351131
2088.264394,259,16543.626001
2469.650973,122,16548.137734
2124.505795,293,16559.185499
-646.116591,45,16560.016121
2307.514096,203,16568.166742
-485.296315,32,16568.756319
468.277668,300,16579.922
-948.393549,269,16589.161563
123.23543,300,16600.405257
2175.993834,79,16603.019334
2245.840116,61,16605.289644
2054.298821,267,16614.681351
-669.923452,123,16619.165886
2049.573402,210,16626.338696
2197.526734,45,16628.266422
407.805331,300,16639.326044
2586.058682,200,16646.475817
2372.669031,184,16653.260184
2479.882203,236,16660.871658
2542.687001,299,16672.024199
2862.404506,200,16679.299614
2127.2107,163,16685.741132
2170.573742,149,16690.618597
2548.217996,203,16697.898375
2225.543921,155,16704.191996
-822.434425,300,16714.00197
-650.994138,30,16715.701606
2303.953642,116,16719.964529
2532.094613,211,16727.234201
-309.27104,170,16733.794642
-573.709118,246,16741.647811
3048.839322,189,16748.337609
250.528427,300,16759.380702
2447.306484,243,16768.362966
186.200073,225,16775.787154
2132.098269,98,16779.882983
-135.910049,111,16784.228166
2371.250548,72,16786.725574
2670.787886,112,16789.790962
-1101.731588,300,16801.051117
55.662084,300,16812.213413
-449.300405,289,16821.343127
-617.26613,68,16823.746931
1984.502873,114,16828.201857
1873.983787,281,16838.925992
2143.573583,72,16841.269317
2130.004631,93,16843.968608
2191.718977,180,16852.572363
2278.202117,93,16855.534197
2564.333022,126,16860.038022
2199.029439,154,16866.26132
2189.920078,118,16870.642483
2537.989437,232,16878.268924
2686.682453,184,16884.988984
-348.996752,141,16889.831895
2170.172767,96,16893.843418
-153.90986,71,16896.344404
2970.746684,225,16903.859735
2496.332024,214,16912.347037
-374.75271,300,16923.528562
2654.941647,199,16930.428894
2357.473717,60,16932.664856
2566.10828,179,16938.265484
2398.71842,153,16944.430693
-574.443748,43,16945.197852
-390.437626,300,16956.062272
-394.355402,220,16964.673688
-601.136178,300,16974.635925
14.480711,208,16981.663996
293.237664,300,16992.817178
2364.188542,142,16997.690279
-424.774716,68,17000.111151
2839.02122,234,17008.955776
2384.128759,84,17011.650373
2880.282587,177,17018.359301
-325.012847,231,17027.008264
2781.752694,244,17035.725818
2451.532874,116,17039.026986
2352.108674,108,17043.459023
-425.748509,232,17052.307357
2850.135889,205,17059.356145
-300.174412,298,17070.464786
-490.117407,126,17075.51167
-925.93873,300,17086.985376
2196.459982,127,17091.670851
1941.246037,72,17094.136686
-681.518474,300,17105.134596
364.863056,300,17116.474447
-815.403721,44,17117.265181
-95.423241,300,17128.383795
204.192193,160,17134.709834
2303.76,83,17137.341276
2749.443699,132,17142.044635
2835.964623,208,17149.197874
-822.608058,140,17153.879083
-177.551486,300,17165.002021
2319.144424,111,17169.503066
41.869795,300,17180.769158
-85.843383,100,17183.765827
-491.02209,207,17190.866468
2278.418159,63,17193.071917
2663.806996,128,17197.537184
2728.192145,256,17206.531864
2633.864383,187,17213.316321
-1222.233863,300,17224.36107
2863.642881,276,17233.870485
-506.071455,83,17237.687148
-1027.652471,300,17247.584894
143.357916,300,17258.69166
1890.202245,256,17267.973319
2692.018952,196,17274.966428
238.056642,300,17286.177785
-928.457819,211,17293.340596
2846.923101,181,17300.359368
2499.337846,292,17310.348448
149.000943,300,17321.571469
1079.196363,300,17332.74042
1974.23843,184,17339.337729
-345.544848,85,17342.077167
2261.360836,141,17347.059794
89.675552,300,17358.11401
2227.729091,167,17363.409602
2661.843038,159,17369.745433
-164.507917,89,17372.526943
-31.151602,78,17375.075397
-564.835447,36,17376.92034
-546.028811,49,17378.961454
2083.506225,89,17381.616357
2380.39991,230,17390.086859
2163.9608,159,17395.229873
14.490849,300,17406.868098
2243.028382,138,17411.441754
547.466938,300,17422.732108
-651.952551,216,17430.067183
-976.167238,109,17434.199273
-766.585222,121,17438.751381
2526.867165,172,17444.204312
2505.919313,95,17448.225972
2406.596708,105,17452.537164
2735.086228,189,17459.404632
-663.347944,300,17469.405991
2615.028913,150,17475.673281
1705.309363,197,17482.670246
2370.104833,83,17485.386335
-218.668881,110,17489.578082
-377.104588,300,17499.385002
2530.09535,295,17510.216909
-667.806988,33,17510.838894
-408.656047,300,17521.929261
2532.624297,110,17526.117375
2164.896292,147,17531.127685
2392.791501,203,17538.156866
238.126833,300,17549.208928
-487.626501,300,17560.299566
2447.359845,74,17562.761336
-1039.356731,116,17567.202766
2205.571537,157,17572.209254
1992.018753,110,17576.545893
891.846892,300,17587.610528
-811.218712,106,17590.69651
3107.345067,288,17601.781469
-254.373582,300,17611.793444
289.312799,300,17622.821923
-181.586669,68,17625.242067
-914.436406,300,17635.760447
-1245.298534,204,17642.722209
2062.538561,120,17647.219158
-923.684715,300,17658.219227
-1098.353641,300,17668.242318
2226.990381,93,17672.210542
1915.20598,172,17677.5751
982.596776,300,17688.713468
-1012.945441,65,17691.007569
-511.745571,190,17697.697123
2452.216709,271,17707.128477
2706.626208,170,17713.537619
73.524272,300,17724.770986
2840.592995,184,17731.534718
2118.643886,190,17738.242246
2178.342327,135,17742.954263
-588.010922,300,17752.868869
-282.131246,144,17758.859489
1899.410231,135,17763.607848
918.248942,300,17773.537445
535.67885,300,17784.722334
-983.25244,300,17795.514868
493.01443,300,17804.897562
2777.288608,157,17811.08953
2446.724475,132,17815.898936
2063.699813,158,17821.099398
-139.524662,151,17827.272004
-891.992258,72,17829.742207
-961.33473,300,17840.940361
2090.875214,226,17848.287214
-448.941122,73,17850.731643
3337.993056,222,17859.058297
2033.779078,121,17863.545642
1959.001167,113,17866.618426
673.333318,300,17877.793993
1830.520228,148,17882.669838
-457.093782,300,17893.73434
-285.692279,75,17896.359098
-243.168784,106,17900.66586
-1313.030563,299,17911.592415
2369.71919,123,17914.813631
-648.153865,39,17916.703716
-148.917243,192,17923.72511
2574.839839,161,17931.775006
2857.569729,290,17942.187864
-521.712319,77,17944.794871
-1144.631592,87,17948.981602
-930.168571,91,17951.654863
-111.288843,300,17963.16217
-508.937134,127,17967.812989
2069.78195,114,17972.408246
77.630861,300,17983.430302
-77.811445,300,17997.916911
354.201988,300,18009.287705
-1286.552702,300,18019.233575
2383.633131,120,18023.807782
2379.652057,63,18026.172354
-181.92049,103,18030.472547
2270.986441,205,18037.493784
566.849908,300,18048.737131
3114.545926,223,18056.192566
2712.033358,226,18064.905072
3159.453896,250,18074.076816
42.456101,300,18084.298576
-555.616656,19,18085.845121
-856.710828,94,18088.7335
2726.648543,139,18093.564165
2434.501576,132,18098.388816
-318.831706,183,18105.166737
-858.302251,300,18115.867828
-813.936067,300,18126.919133
2613.327761,195,18133.853547
2193.746253,111,18137.044628
-928.143852,208,18145.362517
2739.574605,260,18154.503482
3057.680261,201,18161.695897
-224.925661,55,18163.869256
-283.724871,300,18173.862254
-476.842853,67,18176.207685
2361.854341,181,18182.831205
